{
    "Data": {
        "Status": "AcceptedSettlementCompleted",
        "PaymentId": "58991daf-c481-49b2-8917-3cab9233fe58-25",
        "ConsentId": "58991daf-c481-49b2-8917-3cab9233fe58",
        "Initiation": {
            "SupplementaryData": {
                "additionalProp1": {}
            },
            "LocalInstrument": "OB.Paym",
            "DebtorAccount": {
                "SecondaryIdentification": "080801562314789",
                "SchemeName": "OB.SortCodeAccountNumber",
                "Identification": "08080025612489",
                "Name": "Jane Smith"
            },
            "EndToEndIdentification": "FRESCO.21302.GFX.20",
            "InstructionIdentification": "ACME412",
            "CreditorAccount": {
                "SecondaryIdentification": "0002",
                "SchemeName": "OB.SortCodeAccountNumber",
                "Identification": "08080021325698",
                "Name": "ACME Inc"
            },
            "InstructedAmount": {
                "Amount": "165.88",
                "Currency": "GBP"
            }
        }
    }
}